{
  "companyId": "company-1759487850073",
  "companyName": "intel",
  "voltagePerPanel": 20,
  "currentPerPanel": 10,
  "powerPerPanel": 200,
  "plantPowerKW": 2000,
  "tables": [
    {
      "id": "table-1759488650290",
      "serialNumber": "TBL-0001",
      "panelsTop": 3,
      "panelsBottom": 20,
      "createdAt": "2025-10-03T10:50:50.290Z",
      "topPanels": {
        "voltage": [
          20,
          20.1,
          20.2
        ],
        "current": [
          9.6,
          9.9,
          9.6
        ],
        "power": [
          192,
          199,
          193.9
        ],
        "health": [
          87.8,
          87.5,
          92.8
        ],
        "states": [
          "good",
          "good",
          "good"
        ],
        "seriesState": "good",
        "seriesHealth": 87.5
      },
      "bottomPanels": {
        "voltage": [
          19.8,
          19.8,
          19.8,
          19.8,
          19.6,
          20.2,
          20.1,
          20.3,
          19.6,
          19.7,
          19.9,
          19.7,
          19.9,
          20.1,
          20.3,
          20.1,
          20.4,
          19.7,
          19.8,
          20.3
        ],
        "current": [
          3.8,
          3.8,
          3.8,
          3.8,
          3.8,
          3.8,
          3.8,
          3.8,
          3.8,
          3.8,
          3.8,
          3.8,
          3.8,
          3.8,
          3.8,
          3.8,
          3.8,
          3.8,
          3.8,
          3.8
        ],
        "power": [
          75.2,
          75.2,
          75.2,
          75.2,
          74.5,
          76.8,
          76.4,
          77.1,
          74.5,
          74.9,
          75.6,
          74.9,
          75.6,
          76.4,
          77.1,
          76.4,
          77.5,
          74.9,
          75.2,
          77.1
        ],
        "health": [
          95.9,
          99,
          87.4,
          95.4,
          30.099294513756767,
          90,
          88,
          96,
          69.29042417375861,
          85.8,
          89.9,
          85.5,
          95.2,
          90.8,
          90.2,
          90.7,
          80.9,
          97.3,
          93.8,
          92.1
        ],
        "states": [
          "good",
          "good",
          "good",
          "good",
          "repairing",
          "good",
          "good",
          "good",
          "repairing",
          "good",
          "good",
          "good",
          "good",
          "good",
          "good",
          "good",
          "good",
          "good",
          "good",
          "good"
        ],
        "seriesState": "repairing",
        "seriesHealth": 30.1
      }
    }
  ],
  "createdAt": "2025-10-03T10:37:30.128Z",
  "lastUpdated": "2025-10-04T10:30:42.964Z"
}